ID,target
3,1
156,1
172,0
202,1
223,1
256,1
341,1
344,0
346,1
351,1
360,0
471,1
546,1
631,1
640,1
663,1
704,1
729,0
739,1
744,1
791,1
820,1
842,1
886,1
924,1
938,1
945,1
1053,1
1081,1
1213,1
1228,1
1243,1
1281,1
1420,1
1464,1
1467,1
1483,1
1601,1
1640,1
1752,1
1760,0
1825,0
1935,1
1964,0
2014,1
2022,1
2083,1
2125,0
2230,1
2241,1
2298,1
2342,1
2354,0
2361,1
2374,1
2383,1
2518,0
2533,1
2599,1
2658,1
2670,0
2698,1
2739,0
2753,1
2838,1
2862,1
2898,1
2919,0
2932,1
3047,1
3085,1
3155,1
3245,1
3261,1
3447,1
3532,1
3537,0
3613,1
3666,0
3690,0
3746,1
3772,1
3807,1
3832,0
3840,0
3847,1
3949,1
3958,0
3975,1
4147,1
4165,1
4187,0
4196,1
4285,1
4315,1
4336,1
4384,0
4485,1
4507,1
4545,1
4594,1
4634,1
4804,0
4824,1
4975,1
5046,1
5084,1
5094,1
5117,1
5188,0
5204,1
5245,0
5310,1
5399,1
5404,0
5419,0
5490,0
5521,1
5522,1
5618,1
5619,0
5650,1
5825,0
5860,1
5875,1
5894,1
5903,1
5915,1
5930,1
6005,1
6017,0
6036,1
6063,1
6069,0
6072,1
6084,1
6197,0
6219,1
6252,1
6311,1
6323,1
6355,1
6361,1
6394,0
6400,1
6484,1
6515,1
6584,1
6590,1
6688,1
6724,1
6735,1
6788,1
6799,1
6821,0
6837,0
6857,1
6944,1
6994,0
7004,1
7014,1
7134,1
7168,1
7251,1
7295,1
7356,0
7417,1
7535,1
7613,1
7614,1
7657,0
7764,0
7780,0
7783,0
7827,1
7835,1
7886,1
7893,0
7901,1
8046,1
8052,1
8057,1
8231,1
8306,1
8353,0
8419,1
8421,0
8480,0
8613,1
8617,1
8679,1
8681,1
8682,1
8791,0
8858,0
8904,1
8910,1
8977,1
9050,1
9085,1
9097,1
9098,1
9144,1
9230,1
9262,0
9428,1
9448,1
9455,1
9462,1
9517,1
9618,1
9657,0
9690,1
9728,1
9753,0
9859,1
9891,1
9918,0
9975,0
10006,1
10029,1
10127,0
10143,0
10253,1
10274,1
10331,1
10359,1
10378,1
10398,1
10429,1
10436,1
10567,1
10649,1
10653,1
10742,1
10767,0
10796,0
10803,1
10855,1
10905,0
10908,0
10926,1
10960,0
11054,1
11082,1
11092,1
11118,1
11134,0
11196,0
11199,0
11214,1
11228,0
11331,0
11333,1
11349,0
11369,0
11433,0
11443,0
11546,1
11619,0
11635,0
11721,1
11741,0
11759,1
11809,1
11815,1
11888,1
11928,1
11931,1
11957,0
12027,1
12157,1
12183,1
12191,1
12213,1
12240,1
12270,1
12393,0
12422,1
12440,1
12484,0
12494,1
12522,0
12540,1
12621,1
12788,1
12821,0
12914,1
12979,1
12980,1
13110,1
13157,0
13202,1
13239,1
13245,0
13257,1
13271,1
13314,0
13383,1
13536,1
13545,1
13563,1
13762,0
13799,1
13897,1
14146,1
14148,0
14231,0
14250,1
14277,1
14303,1
14372,1
14377,1
14463,1
14483,1
14634,1
14646,1
14654,1
14720,1
14734,1
14778,0
14805,1
14917,1
14979,1
14999,1
15047,1
15053,1
15073,1
15091,1
15099,1
15165,1
15172,0
15180,1
15190,1
15228,1
15315,1
15345,1
15385,1
15449,1
15505,1
15517,1
15518,1
15527,1
15614,1
15672,1
15792,0
15812,0
15830,1
15846,0
15859,1
15862,1
15876,1
15884,1
15914,1
15959,1
15965,1
16079,1
16097,1
16098,1
16109,1
16114,1
16130,1
16219,1
16230,1
16232,1
16263,1
16306,1
16317,0
16326,1
16380,1
16405,1
16422,1
16496,1
16504,0
16527,1
16564,1
16621,1
16646,0
16648,1
16703,1
16784,1
16798,0
16873,1
17021,1
17030,1
17039,0
17170,1
17222,1
17242,1
17246,0
17289,1
17329,0
17331,1
17343,0
17354,0
17435,1
17471,0
17540,1
17587,1
17593,1
17694,1
17727,1
17741,1
17749,1
17796,1
17832,1
17847,1
17867,1
17946,1
18005,1
18048,1
18069,0
18089,0
18114,1
18158,0
18191,1
18252,1
18261,0
18346,1
18413,0
18445,1
18450,1
18461,1
18551,1
18559,1
18563,1
18579,1
18683,1
18685,0
18717,1
18725,0
18726,1
18729,1
18807,1
18872,1
18881,0
18991,1
19028,1
19036,1
19051,1
19080,1
19098,1
19192,1
19210,1
19226,1
19273,1
19361,1
19395,1
19416,1
19420,0
19458,1
19527,1
19551,0
19588,1
19616,1
19633,0
19646,1
19651,0
19706,1
19729,0
19753,1
19818,1
19820,1
19829,1
19907,1
19916,0
20041,1
20049,1
20054,1
20056,1
20163,1
20179,1
20184,0
20188,1
20241,1
20393,0
20497,1
20560,1
20662,0
20689,1
20750,1
20755,1
20864,1
20912,1
20915,1
20956,0
20988,1
21002,1
21084,0
21113,1
21114,0
21133,1
21237,1
21276,0
21296,1
21379,0
21400,1
21437,1
21466,1
21496,1
21499,0
21643,1
21678,1
21817,1
21836,1
21846,1
21870,1
21943,0
22047,0
22064,0
22183,0
22269,0
22332,1
22339,0
22484,1
22530,0
22617,1
22777,1
22893,0
22900,1
22919,1
22934,1
22973,1
23045,0
23067,1
23145,1
23212,1
23255,0
23307,1
23309,0
23334,1
23417,0
23450,0
23453,0
23523,1
23624,0
23654,1
23667,1
23682,1
23742,1
23755,1
23792,1
23793,1
23847,1
23854,0
23877,1
23903,1
23908,1
23950,1
24039,1
24062,1
24126,1
24221,0
24265,0
24352,1
24379,1
24387,1
24391,1
24405,1
24547,1
24554,1
24610,1
24642,0
24650,1
24724,1
24725,1
24753,1
24783,1
24905,1
24948,1
24977,0
24985,1
24986,1
25023,1
25040,1
25095,1
25142,0
25215,1
25226,1
25246,1
25309,1
25312,1
25324,1
25378,1
25394,0
25401,0
25457,0
25491,1
25550,0
25576,1
25613,1
25628,1
25763,1
25768,1
25782,1
25810,0
25812,0
25815,1
25840,1
25849,1
25881,1
25882,1
25917,1
25942,1
25984,1
26053,0
26203,1
26241,1
26308,1
26378,0
26387,1
26422,1
26433,1
26500,1
26555,1
26597,1
26623,1
26750,0
26753,1
26798,0
26846,1
26930,0
26962,1
27076,1
27077,1
27101,1
27117,1
27257,1
27331,1
27362,1
27402,1
27417,1
27431,1
27481,1
27496,0
27512,0
27547,1
27606,1
27618,1
27656,1
27688,1
27798,0
27814,0
27958,1
27987,1
27997,0
28106,0
28151,1
28201,0
28212,0
28262,1
28388,1
28397,1
28429,0
28486,1
28538,1
28550,1
28628,1
28650,1
28697,1
28700,1
28701,1
28767,1
28769,0
28803,1
28817,1
28864,0
28954,1
28956,1
28966,1
29031,1
29064,1
29115,1
29127,1
29226,1
29255,1
29373,1
29421,1
29467,1
29496,1
29502,1
29503,1
29536,1
29691,1
29694,1
29848,1
29851,1
29889,0
29995,0
30013,1
30035,0
30044,1
30070,1
30092,1
30118,1
30133,1
30154,0
30184,1
30199,0
30215,1
30293,0
30352,0
30517,1
30523,1
30532,0
30786,1
30809,1
30829,1
30904,0
30954,1
30974,1
30982,1
30983,0
30992,1
31031,0
31042,1
31108,0
31117,1
31145,1
31165,0
31220,1
31258,0
31324,1
31451,1
31524,1
31556,1
31650,0
31654,1
31686,1
31717,1
31746,1
31780,1
31790,1
31798,1
31800,1
31808,1
31829,1
31935,1
31950,1
32092,0
32137,1
32159,0
32241,0
32274,1
32288,0
32319,1
32325,1
32342,0
32440,1
32447,1
32512,1
32525,1
32552,1
32629,1
32700,0
32710,1
32819,1
32893,0
32952,0
33013,1
33024,1
33048,1
33124,1
33165,1
33182,1
33239,0
33283,1
33351,1
33356,1
33415,1
33484,1
33513,1
33557,1
33611,1
33638,0
33667,1
33779,0
33784,1
33860,0
33946,1
33974,1
34053,0
34093,1
34104,1
34185,1
34260,0
34296,1
34300,0
34309,1
34333,1
34349,1
34523,0
34525,1
34588,1
34648,1
34853,0
34922,1
34939,1
34943,0
34977,0
35004,1
35104,1
35136,0
35261,0
35268,0
35279,1
35333,0
35410,1
35438,0
35488,1
35554,1
35705,0
35853,1
35867,0
35882,0
35936,1
35971,0
35976,1
36002,1
36005,1
36052,1
36125,1
36143,0
36238,1
36242,0
36331,1
36407,1
36426,1
36540,1
36551,1
36555,1
36566,1
36887,1
36888,1
36997,1
37140,1
37187,1
37213,0
37256,1
37378,1
37422,1
37489,1
37540,1
37579,1
37607,0
37626,1
37631,1
37658,1
37695,1
37795,1
37819,0
37834,1
37874,0
37893,0
38011,0
38026,1
38038,1
38106,0
38144,1
38225,1
38253,1
38270,1
38326,1
38394,0
38435,1
38490,1
38550,1
38584,1
38612,1
38636,1
38666,1
38721,1
38732,1
38750,1
38794,0
38811,1
38815,0
38860,1
38931,1
38955,1
38998,1
39042,1
39048,1
39128,0
39157,1
39297,1
39375,1
39382,0
39411,1
39416,0
39458,1
39558,1
39615,1
39617,1
39680,1
39695,0
39725,0
39730,0
39764,1
39852,1
39947,1
40048,1
40119,0
40231,1
40271,1
40284,0
40330,1
40384,1
40446,1
40605,1
40695,1
40775,1
40780,1
40785,1
40836,1
40855,1
40912,1
40923,1
40948,1
40986,0
41113,1
41117,1
41133,0
41155,1
41169,1
41176,1
41198,1
41206,0
41240,1
41257,1
41266,1
41281,1
41348,1
41363,1
41384,1
41453,0
41558,1
41570,1
41587,1
41622,1
41825,1
41960,1
42035,1
42115,1
42181,1
42218,1
42266,1
42381,1
42447,1
42489,1
42693,1
42701,1
42732,0
42762,1
42788,1
42858,1
42870,1
42936,1
42967,1
43014,1
43065,1
43095,0
43121,0
43172,0
43175,1
43295,1
43349,1
43448,0
43472,1
43477,1
43495,1
43613,1
43639,0
43651,0
43689,1
43735,1
43858,0
43883,1
43949,1
43958,1
44031,0
44048,1
44076,1
44099,0
44247,0
44249,1
44352,1
44374,1
44405,1
44443,1
44467,0
44477,1
44482,1
44565,1
44696,1
44772,1
44787,0
44805,1
44813,1
44817,1
44849,1
44938,1
44970,0
44996,1
44997,1
45028,1
45032,1
45105,1
45129,1
45143,1
45237,1
45282,1
45297,0
45340,0
45376,1
45395,1
45492,0
45586,0
45621,1
45638,1
45770,0
45776,1
45848,0
45940,1
46012,1
46054,1
46086,1
46113,1
46136,1
46329,0
46338,1
46375,1
46420,1
46430,1
46445,0
46450,1
46464,1
46473,1
46481,1
46488,1
46531,1
46537,1
46574,1
46742,1
46766,1
46793,1
46980,1
47036,0
47079,0
47084,0
47116,1
47117,1
47121,1
47191,1
47194,1
47277,1
47290,1
47370,1
47415,1
47468,1
47542,0
47614,1
47622,1
47630,1
47631,0
47665,1
47701,1
47716,1
47727,0
47773,0
47775,1
47893,1
47899,1
47919,1
47943,0
47978,1
48096,1
48146,0
48176,0
48204,1
48213,1
48223,0
48273,1
48309,1
48342,1
48343,1
48344,1
48347,1
48396,1
48519,0
48524,1
48529,1
48531,1
48538,1
48548,1
48641,1
48646,1
48663,1
48700,0
48712,1
48808,0
48821,0
48823,1
48831,0
48843,1
48932,1
48950,1
48969,0
48989,0
49056,1
49136,1
49171,1
49192,1
49202,1
49261,1
49419,0
49495,1
49515,1
49584,0
49594,1
49745,1
49798,1
49895,1
49928,1
49971,1
50144,1
50155,1
50213,1
50251,0
50253,0
50305,1
50371,1
50375,1
50556,0
50671,1
50679,0
50769,1
50780,1
50833,1
50885,1
50888,1
50908,1
50911,1
50936,1
51008,1
51106,1
51118,1
51422,0
51531,1
51617,1
51661,0
51714,1
51720,1
51757,1
51789,1
52045,0
52104,1
52164,1
52187,1
52225,1
52337,0
52443,1
52473,1
52515,0
52578,0
52598,0
52741,1
52862,1
52881,1
52917,1
52924,1
53015,1
53027,1
53052,1
53054,1
53065,0
53116,1
53185,1
53246,1
53254,1
53262,1
53289,1
53351,1
53397,0
53456,1
53475,1
53503,0
53506,1
53531,1
53567,1
53571,1
53722,1
53730,1
53781,0
53789,1
53791,1
53792,1
53823,0
53872,1
53906,0
53955,1
54028,1
54091,1
54140,0
54187,1
54190,1
54293,1
54378,0
54431,0
54467,1
54527,0
54542,1
54612,1
54730,1
54757,1
54851,1
54928,1
54999,1
55015,1
55027,1
55050,1
55228,1
55245,1
55319,1
55351,1
55359,0
55383,1
55404,1
55419,1
55534,1
55562,1
55581,1
55589,1
55613,1
55659,1
55709,0
55771,0
55785,1
55795,1
55797,1
55827,1
55839,1
55943,1
55946,1
56069,1
56075,1
56082,0
56146,1
56160,1
56175,1
56181,1
56230,0
56308,1
56343,1
56380,1
56517,0
56600,0
56684,1
56697,1
56742,1
56774,1
56949,0
56993,1
56998,0
57039,0
57048,1
57087,1
57100,1
57132,0
57180,1
57236,0
57243,1
57291,1
57378,0
57464,0
57510,1
57516,1
57590,0
57613,1
57708,1
57735,1
57787,1
57802,1
57832,1
57852,1
57860,1
57906,1
57919,0
57957,1
58052,1
58055,0
58088,1
58106,1
58113,0
58160,0
58189,1
58216,1
58325,1
58419,0
58543,0
58702,1
58790,0
58796,0
58813,0
58871,1
58878,0
58886,0
58912,1
58936,1
58996,1
58999,0
59036,1
59129,0
59152,1
59177,0
59193,1
59248,0
59316,1
59408,1
59444,1
59456,1
59458,0
59495,1
59505,1
59519,1
59549,0
59599,0
59602,0
59633,0
59649,0
59693,1
59707,1
59752,1
59758,1
59773,1
59780,0
59816,1
59817,0
59905,0
59928,1
60020,1
60075,1
60109,1
60117,1
60137,1
60150,1
60257,0
60284,0
60404,1
60406,1
60409,1
60427,1
60436,1
60497,1
60505,0
60630,1
60642,1
60650,0
60699,0
60702,1
60712,1
60755,1
60760,1
60769,1
60815,0
60842,1
60843,1
60868,1
60920,1
61029,0
61040,1
61073,0
61164,0
61267,1
61540,1
61548,1
61549,0
61602,1
61607,1
61653,0
61798,1
61845,1
61943,0
62128,1
62129,1
62175,0
62240,1
62324,1
62371,1
62372,0
62538,1
62690,0
62829,1
62882,1
63002,1
63040,1
63248,1
63288,0
63308,1
63335,1
63361,1
63394,1
63501,1
63534,0
63605,1
63673,1
63729,1
63736,1
63740,1
63841,1
63890,0
63933,1
64117,1
64132,1
64144,1
64157,0
64172,1
64183,1
64236,1
64284,1
64300,0
64336,1
64350,1
64412,1
64427,1
64458,1
64466,0
64484,1
64488,0
64527,1
64528,1
64645,1
64670,1
64672,1
64805,1
64818,0
64824,1
64835,1
64891,1
64908,0
64938,1
65123,1
65262,1
65300,1
65320,1
65321,1
65373,0
65397,0
65445,1
65536,1
65549,1
65586,0
65775,1
65831,1
65836,1
65840,1
65871,1
65899,1
65958,1
66002,1
66014,1
66025,1
66059,1
66092,0
66140,1
66285,1
66400,0
66411,1
66446,0
66454,0
66496,1
66561,1
66573,1
66589,1
66602,1
66625,1
66650,1
66666,1
66724,0
66766,1
66815,1
66846,1
66849,1
66859,1
66870,1
66931,1
67002,1
67045,1
67058,1
67127,0
67288,1
67329,1
67425,1
67529,1
67596,1
67619,0
67654,1
67681,1
67719,1
67744,1
67788,1
67812,1
67824,1
67895,1
67898,1
67919,1
67926,0
68034,0
68139,0
68251,1
68292,0
68317,1
68416,1
68428,0
68480,0
68489,0
68494,1
68592,1
68595,1
68626,1
68741,1
68743,1
68800,1
68844,1
68889,0
68960,1
68970,1
68971,1
69001,1
69065,0
69070,1
69131,1
69163,1
69273,1
69283,0
69305,1
69323,1
69329,1
69383,1
69387,1
69431,1
69687,1
69763,1
69764,1
69806,1
69825,1
69852,0
69857,0
69976,1
69993,1
70038,1
70111,1
70191,1
70201,1
70231,1
70336,0
70338,1
70379,1
70399,0
70418,1
70510,1
70519,1
70571,1
70585,1
70880,0
70889,1
70914,1
70930,1
70968,1
70974,1
71004,1
71126,1
71160,1
71166,1
71174,1
71188,0
71268,1
71426,1
71440,0
71442,1
71470,1
71490,1
71494,1
71502,1
71565,1
71620,1
71623,1
71628,1
71694,1
71750,1
71836,1
71853,1
71866,1
71868,1
71952,0
71973,1
71975,1
72024,1
72065,1
72079,0
72157,1
72287,0
72347,1
72365,1
72389,1
72395,1
72422,1
72453,1
72466,1
72676,1
72691,0
72738,0
72791,1
72801,0
72989,0
73050,1
73094,1
73096,1
73146,1
73147,1
73204,1
73205,0
73246,1
73262,1
73311,1
73399,1
73415,1
73428,0
73433,0
73465,1
73519,1
73623,1
73639,1
73661,1
73669,1
73673,1
73706,1
73921,0
73950,1
74216,0
74294,0
74326,0
74357,1
74392,1
74455,0
74479,1
74550,1
74739,1
74751,1
74855,1
74895,1
74973,1
75070,1
75102,1
75122,0
75125,1
75130,1
75240,1
75254,1
75283,1
75292,1
75438,1
75507,1
75528,1
75720,1
75747,0
75757,0
75836,1
75848,0
75894,1
76016,1
76074,1
76117,1
76152,1
76178,0
76191,1
76203,1
76344,1
76531,0
76561,1
76601,1
76759,1
76779,1
76783,1
76804,1
76942,1
76951,0
76981,1
76984,1
76991,1
77027,1
77139,1
77167,1
77188,0
77224,1
77401,0
77426,1
77480,1
77558,0
77570,1
77579,1
77584,0
77614,1
77678,0
77773,1
77809,1
77818,0
77832,1
77947,1
77988,1
78026,1
78046,0
78105,0
78132,1
78171,1
78213,1
78218,0
78227,0
78272,0
78331,1
78444,1
78454,1
78524,1
78539,1
78587,0
78605,1
78779,1
78802,1
78817,1
78822,1
78834,1
78879,1
78944,0
78949,1
78975,1
78980,0
79025,1
79087,0
79165,1
79166,1
79299,1
79338,1
79387,1
79411,1
79434,1
79565,1
79586,1
79595,0
79624,1
79635,1
79716,1
79792,1
79800,1
79805,1
79844,1
79847,1
79859,0
79880,1
79960,1
80008,1
80010,1
80050,1
80078,0
80114,1
80141,1
80151,1
80243,0
80314,1
80329,1
80438,1
80448,1
80477,1
80594,0
80616,1
80633,1
80661,1
80696,1
80794,1
80871,1
80895,1
80911,1
81004,1
81021,0
81084,1
81113,0
81141,1
81149,1
81165,0
81206,1
81236,1
81245,0
81258,0
81273,0
81330,1
81381,1
81513,1
81553,0
81555,1
81665,1
81672,1
81728,1
81733,1
81765,1
81987,1
81995,1
82056,1
82064,1
82129,0
82187,1
82258,0
82285,1
82307,1
82370,0
82384,1
82445,1
82453,0
82465,1
82708,1
82810,1
82819,0
82820,1
82843,1
82849,0
82863,1
82895,0
82972,0
82983,1
83022,0
83025,1
83142,1
83261,1
83266,0
83302,1
83321,1
83330,1
83364,1
83387,1
83414,0
83418,1
83441,1
83463,0
83467,1
83494,0
83499,1
83552,1
83574,1
83625,0
83630,1
83646,1
83671,1
83696,1
83749,1
83791,1
83827,0
83886,1
83906,1
83959,1
83983,0
84013,1
84048,1
84058,1
84140,1
84296,0
84324,1
84350,1
84361,1
84382,1
84384,0
84397,0
84416,0
84447,1
84470,1
84520,1
84557,1
84667,1
84734,1
84755,1
84794,1
84839,0
84885,1
84887,1
84912,1
84940,1
84953,1
84954,0
84995,1
85005,1
85015,1
85237,1
85263,0
85332,1
85392,1
85477,1
85490,0
85493,0
85525,1
85608,1
85678,1
85683,0
85685,1
85688,1
85719,0
85744,1
85797,1
85885,1
85930,1
85932,1
86005,1
86008,1
86128,1
86130,1
86158,1
86180,1
86201,1
86423,1
86424,1
86478,1
86485,0
86541,1
86650,1
86666,1
86687,1
86731,1
86797,1
86842,1
86860,1
86953,1
86955,0
86996,1
87016,0
87116,0
87136,1
87145,1
87152,1
87180,1
87236,0
87302,1
87317,1
87322,1
87323,1
87342,1
87364,1
87371,1
87380,1
87405,1
87442,0
87455,1
87493,0
87521,1
87569,1
87603,1
87616,0
87676,1
87713,0
87717,1
87749,1
87827,1
87897,1
87914,1
87939,1
87947,1
87961,0
87974,1
88055,1
88066,1
88300,1
88326,0
88411,1
88527,1
88608,0
88666,1
88677,1
88702,1
88747,1
88872,1
88889,1
88891,1
88908,0
88915,0
88944,1
88946,1
88959,1
89029,1
89031,1
89072,1
89075,1
89130,1
89180,1
89311,1
89358,1
89380,1
89426,1
89583,1
89584,0
89744,1
89768,1
89842,0
89874,1
89937,1
90021,0
90058,1
90061,1
90094,0
90127,1
90284,1
90365,0
90370,1
90387,1
90436,1
90445,1
90523,0
90525,1
90573,1
90609,0
90670,1
90714,1
90720,1
90723,0
90729,1
90893,0
90899,1
90927,1
90931,0
91001,1
91020,0
91122,0
91257,1
91276,0
91282,1
91311,1
91473,1
91505,1
91509,1
91519,1
91580,1
91659,1
91694,1
91695,1
91709,0
91784,1
91849,0
91876,1
91884,1
91917,1
91933,1
91983,0
91993,1
92054,1
92072,0
92131,1
92274,0
92305,1
92319,0
92476,1
92517,1
92527,0
92557,1
92655,1
92712,1
92747,1
92846,1
92856,1
92899,1
92947,1
92990,1
93043,1
93054,0
93137,1
93168,0
93254,1
93296,1
93327,1
93349,1
93413,1
93430,1
93489,1
93545,1
93564,1
93594,0
93647,0
93761,0
93889,1
93942,1
94050,1
94081,1
94112,1
94128,1
94236,1
94275,1
94311,1
94319,1
94352,1
94430,1
94440,1
94489,1
94504,1
94551,1
94566,1
94574,1
94614,0
94674,1
94698,1
94733,1
94916,0
94943,1
94967,1
94972,1
95010,1
95029,1
95047,0
95049,0
95057,1
95062,1
95171,1
95175,1
95194,0
95206,1
95249,1
95260,1
95412,0
95633,1
95683,1
95747,0
95859,1
95886,1
95959,0
96049,1
96156,0
96205,0
96255,0
96299,1
96316,0
96347,1
96370,1
96375,1
96436,1
96447,0
96469,1
96517,1
96567,1
96617,1
96619,1
96717,1
96787,1
96822,0
96847,1
96966,1
96967,1
97165,0
97196,1
97234,1
97240,1
97257,0
97298,0
97366,1
97371,1
97450,1
97489,1
97494,1
97513,1
97525,1
97558,1
97601,0
97631,0
97642,1
97670,1
97808,0
97809,1
97933,1
97963,1
98105,0
98142,1
98170,0
98240,1
98269,0
98454,1
98479,1
98484,1
98511,1
98580,1
98828,0
98899,1
98973,1
98975,1
98976,1
99242,1
99252,1
99277,1
99289,0
99382,0
99393,0
99490,0
99497,1
99698,1
99739,1
99777,1
99795,1
99889,0
99987,0
100000,1
100006,0
100092,0
100121,1
100186,0
100205,1
100275,1
100282,1
100307,1
100383,1
100444,0
100470,1
100512,1
100513,0
100517,1
100565,1
100636,1
100699,1
100748,1
100756,0
100759,1
100789,1
100802,0
100826,1
100863,1
100879,1
100978,1
101039,1
101123,0
101143,1
101152,1
101176,1
101187,1
101217,1
101248,1
101466,1
101503,1
101583,1
101631,0
101671,1
101702,1
101718,1
101758,1
101774,1
101785,0
101822,1
101866,1
101907,0
101917,1
101934,0
101961,1
101968,1
102010,0
102061,1
102099,1
102122,1
102144,1
102145,1
102156,1
102175,1
102251,0
102284,1
102290,1
102303,1
102346,1
102382,0
102383,1
102409,1
102430,1
102451,1
102482,1
102541,1
102612,1
102622,1
102641,1
102664,0
102714,0
102774,1
102797,0
102800,1
102928,1
103036,1
103054,0
103171,1
103194,1
103206,1
103225,0
103270,1
103333,0
103364,0
103367,1
103378,0
103403,1
103415,1
103435,1
103465,1
103505,1
103554,1
103612,1
103663,1
103672,1
103689,1
103695,0
103748,1
103841,1
103853,1
103950,0
103983,1
103990,0
104048,1
104052,1
104057,0
104089,1
104119,1
104223,1
104230,1
104300,1
104345,1
104463,1
104635,1
104658,1
104733,1
104782,1
104811,1
104833,1
104995,1
105029,1
105058,1
105063,1
105072,1
105073,0
105106,1
105134,0
105188,1
105228,0
105278,1
105411,1
105429,1
105455,0
105470,1
105515,1
105536,0
105563,1
105594,1
105602,0
105718,1
105804,1
105915,0
105982,1
106074,0
106094,1
106203,1
106320,1
106358,0
106413,1
106462,1
106513,1
106579,1
106629,1
106685,1
106710,0
106781,1
106798,1
106820,1
106857,1
106879,0
106916,1
106975,1
107041,0
107054,1
107075,1
107099,1
107113,1
107181,1
107197,1
107206,1
107259,1
107291,1
107333,1
107342,0
107349,1
107547,1
107580,1
107590,1
107628,1
107654,1
107693,1
107745,0
107747,1
107810,0
107830,1
107853,1
107913,1
108018,1
108169,0
108198,1
108326,0
108339,1
108388,1
108408,0
108468,0
108618,1
108879,1
108896,0
108906,1
108958,1
109036,1
109037,0
109062,1
109094,0
109120,1
109121,1
109150,0
109299,1
109329,0
109359,1
109393,1
109445,1
109456,0
109471,1
109472,1
109578,1
109590,1
109594,1
109627,1
109652,1
109762,1
109770,0
109813,1
109876,1
109890,1
109920,1
109978,1
110129,1
110186,1
110205,1
110306,1
110396,1
110447,1
110501,0
110540,1
110642,1
110669,0
110673,1
110695,1
110770,1
110787,1
110849,1
110854,0
110910,1
110912,1
110915,1
110963,1
111050,1
111097,1
111151,0
111170,0
111176,0
111248,1
111274,1
111400,1
111443,1
111468,0
111539,1
111565,0
111592,1
111628,1
111647,0
111648,0
111724,1
111873,0
111875,0
111913,1
111940,1
111986,1
112006,1
112063,1
112081,1
112175,1
112273,0
112317,1
112381,1
112549,0
112582,0
112634,1
112689,1
112697,1
112845,1
112905,1
112981,1
113239,1
113240,1
113249,1
113254,1
113358,1
113409,1
113482,1
113506,1
113557,0
113578,1
113585,0
113639,0
113662,0
113670,0
113675,0
113713,1
113775,0
113777,1
113828,1
113830,1
113839,0
113841,1
113856,1
113881,1
113982,1
114057,1
114068,1
114135,0
114166,1
114215,1
114272,1
114340,1
114350,0
114403,1
114434,1
114480,1
114506,1
114519,1
114558,1
114621,1
114738,1
114769,1
114814,1
114841,1
114907,1
114908,0
114910,0
114964,1
115095,1
115205,1
115257,1
115277,1
115523,1
115609,1
115645,0
115752,1
115773,0
115855,1
115883,1
115941,1
115964,1
115965,1
115995,0
116072,1
116094,1
116157,1
116187,1
116202,1
116228,0
116259,1
116298,1
116328,1
116372,0
116460,0
116492,1
116556,1
116563,0
116566,1
116588,0
116627,1
116653,1
116671,1
116683,1
116694,1
116722,1
116795,1
116821,0
116849,1
116978,1
116984,1
116987,0
117372,1
117373,1
117413,1
117448,0
117452,1
117537,1
117557,1
117586,1
117600,1
117633,0
117680,0
117684,1
117715,1
117737,1
117900,1
117987,1
118017,0
118023,0
118037,0
118063,1
118172,1
118176,1
118229,0
118262,1
118320,1
118432,1
118486,0
118497,1
118504,1
118641,1
118757,0
118859,1
119010,1
119057,1
119100,1
119115,0
119150,1
119159,0
119161,1
119198,0
119257,1
119383,1
119413,1
119459,1
119469,1
119473,1
119483,1
119504,1
119558,1
119589,1
119614,0
119650,1
119724,0
119811,1
119812,1
119833,1
119927,0
119942,1
119965,1
120037,0
120097,0
120164,1
120184,1
120197,0
120201,0
120269,1
120295,1
120471,1
120475,1
120479,1
120489,1
120589,1
120638,1
120721,0
120761,1
120766,1
120825,1
120835,0
120921,0
120923,1
120930,0
120955,1
120959,1
121080,1
121090,1
121114,1
121158,0
121196,1
121256,1
121275,1
121289,1
121301,1
121310,1
121324,0
121450,1
121452,1
121465,1
121510,1
121542,0
121641,0
121647,1
121652,1
121657,1
121674,0
121712,1
121839,1
121957,1
121961,1
121964,0
121972,1
122024,1
122035,1
122038,1
122093,1
122103,1
122122,1
122128,1
122184,0
122260,1
122321,1
122354,1
122402,0
122416,0
122489,1
122508,1
122565,1
122727,1
122737,1
122741,1
122764,1
122813,1
122860,0
122868,1
122938,1
122975,0
123008,1
123087,1
123101,1
123103,1
123126,0
123151,1
123157,1
123178,1
123188,0
123229,1
123239,1
123296,1
123417,1
123527,0
123567,0
123586,1
123600,1
123742,1
123769,1
123888,1
123899,0
123920,0
123924,0
123960,0
123994,1
123996,1
124014,1
124055,1
124085,1
124112,0
124143,1
124196,1
124205,1
124255,1
124257,1
124276,1
124287,1
124289,0
124327,1
124368,0
124510,1
124534,1
124537,0
124546,1
124570,1
124577,1
124579,1
124593,1
124613,1
124653,1
124661,1
124680,1
124738,1
124761,1
124774,0
124824,0
124829,1
124874,1
124893,1
124917,0
124930,1
124956,1
124991,1
124994,1
125031,0
125060,1
125078,1
125080,1
125099,0
125116,0
125124,1
125134,0
125146,0
125171,0
125265,1
125311,1
125340,0
125374,1
125388,1
125446,1
125521,0
125554,1
125559,1
125565,1
125569,1
125597,1
125609,1
125614,1
125704,1
125731,0
125763,1
125765,1
125767,1
125806,1
125842,1
125959,1
126107,1
126122,1
126141,1
126167,1
126258,0
126342,1
126410,1
126435,1
126446,1
126450,1
126485,0
126514,1
126529,1
126557,1
126618,0
126682,1
126727,1
126799,1
126814,0
126831,1
126850,1
126987,1
127057,1
127084,1
127148,1
127195,1
127196,1
127248,1
127327,1
127447,1
127449,1
127556,1
127600,1
127632,1
127644,1
127655,0
127738,0
127743,1
127756,0
127759,1
127776,1
127779,1
127829,1
127945,1
128009,0
128034,0
128044,1
128074,1
128120,0
128140,1
128288,0
128295,0
128338,1
128359,1
128404,1
128427,1
128467,0
128484,0
128542,1
128545,1
128546,1
128566,0
128610,1
128645,1
128682,1
128766,1
128783,1
128866,1
128907,0
128963,0
128965,1
128967,1
128968,1
129055,1
129061,0
129070,1
129231,0
129330,1
129343,1
129398,1
129470,1
129540,1
129604,0
129685,1
129727,0
129728,0
129746,1
129754,1
129828,1
129862,1
129882,1
129911,1
129954,1
130002,1
130012,1
130019,1
130066,0
130117,1
130131,1
130162,1
130263,0
130341,1
130421,1
130451,1
130609,1
130618,1
130676,1
130680,1
130693,1
130765,1
130889,1
130907,1
130939,1
130988,1
131002,1
131109,0
131138,1
131191,1
131211,1
131213,1
131217,0
131278,1
131288,1
131328,1
131330,1
131398,1
131420,1
131439,1
131570,1
131661,1
131699,1
131749,0
131927,0
131954,1
131955,0
131971,1
131990,1
132052,1
132081,1
132099,1
132119,1
132286,1
132321,0
132337,0
132371,1
132629,1
132692,1
132757,1
132805,1
132873,1
132944,0
133104,1
133136,1
133145,1
133228,0
133252,1
133291,1
133306,1
133345,0
133497,1
133528,0
133544,1
133647,1
133691,0
133753,1
133781,1
133824,1
133852,1
133963,0
134001,1
134003,1
134023,1
134028,0
134035,1
134069,1
134073,1
134074,0
134142,1
134240,1
134259,1
134313,1
134328,1
134380,1
134392,1
134393,1
134478,1
134535,0
134571,0
134595,0
134652,0
134800,1
134861,1
134920,1
134941,1
134951,1
134965,1
134999,1
135046,0
135079,1
135108,1
135254,1
135296,1
135537,1
135569,1
135583,0
135598,1
135756,1
135763,0
135788,1
135792,1
135991,0
136022,1
136134,0
136204,1
136222,1
136230,1
136315,1
136328,1
136339,1
136362,0
136367,1
136370,1
136465,1
136587,1
136624,1
136639,0
136758,1
136774,0
137065,1
137087,0
137096,0
137099,1
137126,1
137128,1
137132,1
137181,0
137211,1
137249,1
137278,1
137314,1
137546,1
137608,0
137613,1
137706,1
137788,1
137795,1
137839,1
137901,0
137975,1
138031,0
138056,1
138099,1
138112,0
138142,1
138327,1
138366,1
138377,1
138415,1
138420,1
138427,1
138519,0
138575,1
138578,1
138612,0
138620,1
138635,1
138781,1
138827,1
138840,1
138911,1
138915,1
138943,1
139004,1
139007,1
139101,1
139162,1
139168,1
139193,1
139270,0
139316,1
139386,0
139426,1
139545,1
139547,1
139572,0
139588,0
139597,1
139654,1
139699,0
139729,0
139731,0
139754,1
139760,1
139800,1
139875,0
139973,1
140060,1
140126,1
140168,1
140222,1
140252,1
140293,1
140364,1
140396,1
140475,1
140483,1
140493,1
140500,1
140596,1
140649,0
140691,0
140730,1
140757,1
140865,1
140894,1
140929,1
140989,1
141004,1
141092,0
141190,1
141291,1
141337,1
141394,0
141403,0
141414,1
141421,1
141641,1
141675,1
141685,1
141871,1
141904,1
141909,1
141931,1
141943,0
141985,1
141991,1
142089,1
142159,1
142334,1
142345,0
142357,1
142429,1
142457,0
142475,0
142490,1
142570,1
142608,0
142682,1
142695,1
142709,1
142820,1
142916,1
142919,0
142927,1
142939,1
143029,1
143062,1
143128,0
143167,0
143171,1
143204,1
143209,1
143257,0
143267,1
143282,0
143297,1
143357,1
143412,1
143448,1
143452,1
143488,1
143534,1
143602,1
143630,1
143654,1
143741,0
143793,1
143831,1
143856,1
143872,0
143906,1
143944,1
143995,1
144073,1
144096,1
144105,1
144175,1
144210,1
144224,1
144329,0
144463,1
144488,1
144530,1
144622,1
144637,1
144662,0
144673,1
144677,1
144777,1
144826,0
144832,1
144850,1
144868,1
144875,1
144936,1
144947,1
144950,1
144951,1
145003,0
145023,1
145098,0
145123,1
145214,1
145243,1
145268,1
145298,0
145345,1
145385,1
145525,1
145539,0
145548,1
145652,1
145784,0
145788,1
145795,1
145845,1
145867,1
145868,0
145909,1
145916,1
146014,1
146028,0
146076,0
146146,1
146157,0
146159,1
146161,0
146183,1
146256,0
146426,1
146521,1
146537,1
146623,1
146637,1
146656,1
146682,0
146735,0
146766,1
146785,1
146870,1
146871,1
146877,1
146895,1
147117,1
147135,1
147148,0
147181,1
147225,0
147275,1
147306,1
147309,1
147318,1
147453,0
147565,0
147582,1
147625,1
147728,1
147761,1
147884,1
147969,0
148009,0
148035,0
148083,0
148096,0
148177,1
148185,1
148227,1
148236,1
148259,0
148331,1
148343,1
148354,1
148394,0
148397,0
148405,1
148630,1
148667,0
148731,1
148744,1
148763,1
148871,1
148952,1
149044,1
149171,1
149172,1
149175,1
149181,1
149262,0
149270,1
149274,1
149332,1
149344,1
149464,1
149513,0
149528,1
149577,0
149590,1
149606,1
149679,1
149732,1
149736,1
149798,1
149807,1
149810,1
149840,1
149855,0
149944,1
149970,0
149991,1
150070,0
150082,1
150083,1
150251,1
150280,1
150310,1
150361,0
150367,1
150470,1
150474,1
150514,1
150517,0
150691,1
150707,1
150725,1
150750,0
150779,1
150780,1
150813,1
150862,1
150876,1
150973,1
150994,1
151001,1
151032,1
151208,1
151342,1
151448,0
151452,1
151538,1
151568,1
151644,0
151690,1
151799,0
151822,1
151895,0
151931,0
151977,0
151993,0
151998,1
152043,0
152046,1
152109,1
152114,1
152128,1
152139,1
152171,1
152292,1
152330,1
152344,1
152628,1
152659,1
152661,1
152725,1
152819,1
152828,0
152873,1
152876,1
153025,1
153098,1
153140,1
153212,1
153274,1
153295,1
153348,1
153365,1
153394,1
153434,1
153471,1
153579,1
153621,1
153671,0
153732,1
153739,1
153768,0
153776,1
153806,0
153838,1
153945,1
154027,1
154043,0
154149,1
154184,1
154222,1
154300,1
154322,1
154335,0
154353,1
154384,1
154494,0
154511,1
154516,1
154540,1
154548,1
154718,1
154771,0
154790,1
154814,0
154902,1
154962,1
154964,1
154975,1
154983,1
154986,0
155016,1
155060,1
155114,1
155165,1
155175,1
155326,1
155368,1
155373,0
155399,1
155527,1
155535,1
155610,1
155633,1
155803,1
155885,1
155913,1
155930,1
155950,0
156021,1
156177,1
156194,1
156246,1
156256,1
156264,1
156303,1
156347,1
156418,0
156428,1
156488,0
156552,1
156567,1
156585,1
156601,0
156694,1
156751,1
156850,0
156927,0
156996,1
157000,1
157027,0
157041,1
157055,1
157119,1
157121,1
157131,0
157282,1
157304,1
157433,1
157584,1
157654,0
157655,1
157691,1
157702,0
157732,0
157839,1
157853,0
157930,1
157953,1
157969,0
158025,1
158075,1
158096,1
158262,1
158264,1
158309,1
158402,1
158414,1
158416,0
158417,1
158424,1
158457,1
158468,0
158490,1
158602,0
158679,1
158685,1
158727,1
158875,1
158881,0
158885,1
158955,1
158984,1
159009,1
159055,1
159118,0
159136,1
159191,1
159289,1
159318,1
159634,1
159693,1
159728,1
159743,0
159791,0
159828,1
159847,1
159885,0
159893,1
160011,1
160030,1
160053,1
160060,1
160086,1
160114,1
160153,1
160190,1
160196,1
160205,1
160218,1
160244,1
160251,1
160290,1
160435,1
160537,1
160588,1
160687,1
160813,1
160901,0
160908,1
160925,1
160933,1
160973,1
160985,0
160995,1
161023,1
161027,1
161042,0
161051,1
161192,1
161193,0
161231,1
161271,1
161304,1
161309,0
161342,1
161376,0
161379,1
161386,0
161402,1
161455,1
161583,1
161593,0
161640,1
161657,1
161761,1
161813,0
161834,0
161882,1
161938,1
161995,0
162177,1
162207,0
162222,1
162270,1
162378,1
162389,1
162423,1
162474,1
162484,0
162555,1
162601,0
162680,1
162708,0
162740,1
162752,1
162783,0
162948,1
163017,0
163065,1
163098,0
163128,1
163159,1
163221,1
163257,0
163274,1
163326,1
163336,1
163347,1
163381,1
163415,1
163459,1
163499,1
163620,1
163642,1
163698,1
163823,1
163850,0
163873,1
163950,0
164035,1
164051,1
164057,0
164078,0
164106,1
164132,1
164140,1
164229,1
164235,1
164277,1
164299,1
164352,1
164361,0
164365,1
164456,0
164491,1
164659,1
164692,1
164732,1
164814,1
164862,0
164900,0
165139,1
165187,1
165198,1
165206,1
165215,1
165233,0
165392,1
165418,1
165488,1
165492,0
165584,1
165608,1
165609,1
165638,1
165650,1
165694,1
165766,1
165775,1
165921,0
165993,0
166036,1
166062,0
166126,1
166146,1
166192,1
166200,1
166211,1
166219,1
166225,1
166241,1
166307,0
166330,1
166509,1
166527,1
166644,0
166678,1
166753,1
166766,1
166832,0
166889,0
166899,0
167004,0
167029,1
167119,1
167193,1
167241,1
167251,1
167252,1
167482,1
167489,0
167556,0
167644,0
167708,1
167734,1
167746,1
167758,0
167792,0
167977,1
168000,1
168012,1
168144,1
168162,1
168174,0
168212,1
168346,0
168361,1
168367,0
168441,0
168448,1
168496,1
168623,1
168655,1
168663,1
168882,0
168968,1
168979,1
168990,1
169052,1
169086,1
169112,1
169308,1
169315,0
169386,0
169399,1
169439,1
169468,1
169514,0
169526,0
169632,0
169655,0
169747,0
169748,0
170005,1
170058,1
170187,0
170197,1
170219,1
170280,0
170287,0
170391,1
170413,1
170429,0
170435,1
170497,1
170509,1
170534,1
170564,0
170617,1
170711,1
170787,1
170805,1
170854,1
170919,0
170939,1
170940,1
170942,0
170950,1
171130,0
171159,1
171164,1
171178,1
171186,1
171268,1
171294,1
171299,0
171341,1
171464,1
171486,0
171518,1
171545,1
171570,1
171697,1
171883,1
171914,1
171996,1
172031,1
172070,0
172075,0
172146,1
172171,0
172301,1
172329,1
172356,1
172357,1
172489,1
172634,1
172651,1
172665,0
172816,1
172919,1
172951,0
173044,0
173144,1
173160,0
173201,0
173205,1
173267,0
173294,1
173303,0
173341,0
173396,1
173419,1
173422,0
173430,1
173518,1
173565,1
173566,1
173594,1
173641,0
173643,1
173644,0
173650,1
173905,1
173977,1
174003,0
174011,0
174133,1
174163,1
174178,1
174198,1
174240,1
174245,1
174343,1
174349,1
174463,1
174489,1
174506,1
174619,1
174629,1
174659,0
174707,1
174709,1
174813,0
174910,1
174976,0
175015,1
175038,1
175065,1
175082,1
175109,1
175171,1
175179,1
175222,1
175272,1
175436,1
175541,1
175547,1
175630,1
175634,1
175652,0
175662,1
175678,1
175700,1
175728,1
175803,1
175857,1
175868,1
175991,1
176043,1
176110,1
176123,1
176155,1
176181,1
176236,0
176249,1
176282,1
176295,1
176385,1
176400,0
176421,1
176437,1
176587,0
176897,1
176898,0
177040,1
177044,0
177060,1
177106,1
177163,0
177167,1
177193,1
177208,1
177259,1
177316,1
177434,1
177522,1
177579,1
177581,0
177586,1
177617,0
177621,1
177643,1
177675,0
177723,1
177779,1
177860,1
177876,0
177893,0
177921,1
177937,0
178188,0
178238,1
178254,0
178329,1
178441,0
178465,1
178487,0
178533,1
178556,1
178596,0
178602,0
178638,1
178685,1
178758,1
178858,1
178948,1
178949,1
178989,1
178996,1
179001,0
179108,0
179167,1
179205,1
179215,1
179249,1
179303,1
179318,0
179353,1
179398,1
179413,1
179462,1
179575,1
179594,0
179646,1
179716,1
179725,0
179762,0
179792,1
179801,1
179818,1
179858,1
179891,0
179922,1
179938,1
179996,1
180047,1
180071,1
180151,1
180271,1
180275,1
180280,1
180347,0
180355,1
180379,1
180388,1
180488,1
180491,1
180531,1
180542,0
180695,1
180811,1
180820,0
180832,1
180842,1
181244,1
181284,0
181320,1
181344,1
181361,1
181364,1
181372,1
181425,1
181487,1
181489,1
181568,1
181576,1
181597,1
181628,1
181647,1
181703,0
181704,1
181710,1
181711,1
181760,0
181803,1
181917,1
181981,1
182110,1
182119,0
182289,0
182310,1
182311,1
182393,1
182470,0
182510,0
182622,1
182675,1
182706,0
182716,1
182748,1
182780,1
182818,1
182857,1
182870,0
182873,0
182894,0
182952,1
182962,0
183023,1
183041,1
183198,1
183214,1
183229,1
183331,1
183413,1
183427,0
183430,0
183512,1
183526,0
183589,0
183618,1
183638,1
183648,1
183684,0
183704,1
183717,1
183746,1
183792,0
183894,1
183908,1
183988,1
184050,1
184082,1
184122,0
184124,1
184182,1
184183,1
184212,1
184299,1
184447,1
184528,1
184589,1
184627,1
184648,1
184657,1
184679,1
184707,1
184747,1
184764,1
184790,1
184931,1
184988,1
184991,0
185018,0
185022,1
185130,1
185210,1
185218,1
185243,1
185247,1
185309,0
185333,1
185373,1
185418,0
185484,1
185547,1
185559,0
185644,1
185655,1
185687,1
185710,1
185874,0
185959,0
185997,1
186001,1
186075,1
186103,1
186210,1
186232,1
186256,1
186294,1
186346,1
186359,1
186621,1
186624,1
186721,1
186772,0
186829,1
186843,1
186885,0
186918,1
186995,1
187025,1
187261,1
187300,0
187330,0
187365,1
187394,0
187483,0
187499,0
187529,1
187557,1
187638,0
187644,1
187671,0
187674,0
187761,1
187793,1
187802,0
187851,1
187855,0
187864,1
187905,1
187923,1
188039,1
188055,1
188072,1
188079,0
188137,0
188191,0
188280,1
188349,1
188429,1
188582,1
188623,1
188635,1
188686,1
188773,0
188777,1
188787,1
188806,1
188891,1
188908,1
188946,1
188963,1
189010,1
189167,1
189223,1
189233,1
189285,1
189314,1
189364,1
189553,1
189563,0
189576,1
189596,1
189702,1
189748,1
189779,1
189964,1
189986,1
190005,0
190034,1
190097,0
190102,1
190108,1
190182,0
190185,0
190267,1
190319,0
190326,1
190482,1
190538,1
190566,1
190583,0
190657,1
190680,1
190698,1
190771,1
190778,1
190786,1
190812,1
190850,0
190871,1
190885,1
190920,0
191029,1
191039,1
191046,1
191073,1
191123,1
191208,1
191414,0
191422,1
191456,1
191472,1
191483,1
191527,1
191560,0
191595,1
191618,0
191686,1
191733,1
191734,1
191797,1
191911,0
191959,0
192020,0
192133,0
192221,1
192288,1
192315,1
192419,1
192432,1
192492,1
192496,1
192497,1
192513,1
192564,1
192660,1
192716,1
192767,0
192837,1
192930,1
192975,0
192979,1
193032,1
193167,1
193291,1
193343,1
193426,1
193437,1
193487,0
193524,1
193634,1
193652,1
193700,1
193753,1
193781,1
193824,1
193894,1
193899,1
194086,1
194142,0
194228,1
194238,1
194407,0
194455,1
194528,1
194630,1
194637,0
194668,1
194675,1
194720,0
194789,1
194806,1
194851,1
194957,0
194969,1
194990,0
194999,0
195032,0
195049,1
195109,1
195134,1
195140,1
195213,1
195236,1
195239,1
195246,1
195276,1
195354,0
195384,1
195393,1
195411,1
195432,1
195473,0
195496,1
195623,1
195653,1
195670,1
195747,1
195768,1
195799,1
195865,0
195991,1
195994,1
196184,0
196208,0
196224,0
196238,1
196325,1
196386,1
196415,1
196500,1
196513,1
196562,0
196617,1
196620,1
196668,1
196780,1
196854,1
196885,1
196905,1
196910,1
196960,1
196972,1
197005,1
197032,1
197144,1
197159,1
197221,0
197369,1
197392,1
197434,1
197599,1
197622,1
197624,1
197714,1
197715,1
197871,0
197917,1
197930,0
197957,1
198009,1
198044,1
198058,0
198181,0
198185,1
198261,1
198268,1
198378,1
198381,1
198404,1
198405,0
198409,1
198497,1
198542,0
198571,1
198617,1
198644,1
198652,1
198657,0
198769,1
198797,1
198824,1
198871,1
198930,1
198996,1
199005,1
199023,0
199139,1
199248,1
199282,1
199363,1
199366,0
199424,1
199425,0
199484,1
199549,1
199560,1
199591,1
199628,0
199719,1
199800,1
199860,0
199907,1
199991,0
200005,1
200021,1
200027,1
200028,1
200032,1
200050,1
200059,0
200098,0
200131,0
200132,1
200140,1
200254,0
200298,1
200362,1
200440,1
200464,1
200476,1
200485,1
200500,0
200543,1
200558,1
200599,0
200624,0
200644,1
200647,1
200675,1
200719,0
200724,1
200730,0
200783,1
200817,1
200840,1
200966,1
200994,1
201001,1
201035,0
201076,0
201094,1
201125,1
201169,0
201183,0
201226,1
201340,1
201346,1
201415,1
201464,1
201501,1
201518,1
201581,1
201686,0
201735,1
201748,1
201752,0
201805,0
201903,0
201944,1
202147,1
202165,1
202179,1
202184,1
202186,1
202270,1
202301,0
202346,1
202416,1
202424,1
202455,1
202515,0
202608,0
202610,1
202614,1
202700,0
202752,1
202787,1
202906,1
202948,0
202987,0
203090,1
203173,1
203181,0
203214,1
203284,1
203302,1
203303,1
203356,1
203385,1
203407,1
203453,0
203460,0
203472,0
203593,1
203627,1
203661,0
203664,0
203697,1
203728,1
203886,1
203896,0
203907,1
204021,1
204035,1
204167,1
204179,1
204194,1
204207,0
204221,1
204238,0
204274,1
204395,1
204413,1
204451,1
204475,0
204479,1
204565,0
204594,1
204818,1
204871,1
204953,1
204964,1
204973,1
205011,1
205151,1
205155,1
205273,1
205286,1
205315,1
205337,1
205366,1
205370,1
205391,1
205404,0
205409,1
205413,1
205577,1
205584,1
205634,0
205636,1
205716,1
205744,0
205801,1
205840,1
205950,1
205958,1
206068,1
206095,1
206114,1
206121,1
206174,1
206301,1
206320,0
206348,1
206379,1
206696,1
206701,0
206711,1
206736,1
206742,1
206855,1
206870,0
206880,1
206916,1
207054,1
207091,1
207384,1
207466,0
207481,1
207496,1
207530,1
207599,1
207633,1
207690,1
207878,1
208003,0
208004,1
208007,0
208064,1
208136,0
208161,1
208190,0
208196,1
208215,1
208221,1
208251,1
208345,1
208346,1
208453,1
208483,0
208539,0
208579,0
208590,1
208632,1
208643,1
208695,1
208780,1
208813,1
208883,1
208890,0
208893,1
208919,1
209016,1
209085,1
209150,1
209163,1
209225,0
209318,1
209406,1
209445,1
209547,1
209628,0
209769,1
209795,1
209798,1
209846,0
210029,1
210036,1
210042,1
210088,0
210156,1
210203,1
210251,0
210332,1
210385,1
210392,1
210395,1
210471,1
210559,1
210569,1
210601,1
210676,1
210738,0
210789,1
210830,1
210889,1
210895,1
210896,1
210927,1
210928,1
210945,1
210977,1
210987,1
210989,1
211066,0
211231,1
211240,1
211265,0
211277,1
211307,1
211339,1
211340,1
211381,1
211392,1
211400,1
211412,1
211434,1
211546,1
211554,1
211564,1
211604,1
211623,1
211647,0
211661,1
211705,1
211723,1
211734,1
211744,1
211770,1
211776,1
211807,1
211941,1
211954,1
212047,1
212186,1
212213,1
212297,1
212346,1
212367,1
212533,1
212735,1
212746,1
212803,0
212809,0
212889,1
212940,0
212989,1
213033,0
213036,0
213053,1
213057,1
213116,0
213160,0
213232,0
213323,1
213403,1
213526,1
213574,1
213587,0
213634,0
213666,1
213714,0
213755,1
213831,0
213878,1
213909,1
213980,1
214054,0
214070,1
214077,1
214172,1
214226,0
214235,1
214410,1
214480,1
214555,1
214604,1
214645,0
214747,1
214765,1
214854,1
215073,1
215083,1
215159,1
215166,1
215242,1
215267,1
215293,1
215318,1
215336,1
215399,1
215540,1
215596,0
215651,1
215674,0
215679,1
215704,0
215713,0
215727,1
215753,1
215783,1
215869,0
215898,1
216047,0
216101,0
216102,1
216140,1
216222,1
216236,1
216280,1
216410,1
216441,1
216481,0
216486,1
216496,1
216563,1
216583,1
216659,1
216674,1
216686,1
216689,1
216723,0
216805,1
216843,1
216894,1
216921,1
216972,1
216974,0
216978,1
217016,1
217081,1
217108,1
217117,1
217158,1
217275,1
217281,1
217304,1
217363,0
217401,1
217417,1
217453,0
217633,1
217649,1
217706,1
217747,0
217783,1
217794,1
217858,1
217895,1
218064,1
218208,1
218241,1
218274,1
218284,1
218368,1
218388,1
218510,1
218525,1
218558,1
218586,1
218787,1
218797,1
218805,1
218818,1
218915,1
218924,1
218927,1
218944,1
219075,1
219119,0
219179,1
219199,0
219249,1
219306,1
219308,1
219346,1
219359,1
219476,1
219482,0
219484,1
219513,1
219517,1
219610,1
219637,0
219696,1
219851,1
219859,1
219876,1
220001,1
220017,1
220051,0
220100,0
220103,1
220111,1
220160,0
220260,0
220353,1
220441,0
220471,0
220476,1
220546,0
220655,1
220662,1
220682,0
220683,1
220723,1
220744,0
220820,0
220909,1
220918,1
220922,1
220965,1
221033,1
221080,1
221084,0
221085,1
221100,1
221139,0
221162,1
221173,1
221209,1
221223,1
221230,1
221295,1
221303,1
221416,1
221420,1
221585,1
221623,1
221684,1
221724,0
221751,0
221766,1
221843,1
221893,1
221928,1
221967,1
221979,1
221985,1
222041,1
222098,1
222099,0
222204,1
222215,1
222268,1
222303,0
222344,1
222366,1
222436,1
222475,1
222521,0
222528,1
222577,1
222584,0
222599,1
222659,0
222842,1
222848,1
222881,0
222902,1
222908,1
223033,1
223099,1
223164,0
223207,0
223233,1
223254,1
223276,1
223311,1
223346,1
223350,1
223422,1
223474,0
223496,1
223519,1
223538,1
223541,1
223596,0
223632,1
223667,1
223691,0
223795,1
223832,1
223863,1
223892,0
223954,1
223956,1
223983,0
223990,1
224068,1
224070,0
224074,1
224103,1
224177,1
224201,1
224210,1
224309,1
224373,1
224427,1
224435,0
224466,1
224496,1
224572,1
224593,1
224626,1
224650,1
224665,1
224717,1
224719,0
224821,1
224846,1
224853,1
224860,1
224900,1
224902,1
224951,1
224958,1
225089,0
225104,1
225223,0
225353,1
225441,1
225469,1
225509,1
225549,1
225617,1
225630,1
225693,1
225700,1
225719,1
225722,0
225764,1
225784,1
225792,1
225861,1
225934,1
225981,0
225982,1
226004,1
226023,1
226028,0
226089,1
226132,1
226201,1
226210,1
226239,1
226288,0
226519,0
226545,0
226575,1
226577,0
226579,1
226582,0
226588,1
226595,1
226625,0
226649,1
226745,1
226746,0
226775,0
226835,1
226870,1
226894,1
226930,1
227086,1
227107,1
227151,1
227247,1
227250,0
227272,1
227288,1
227309,1
227356,1
227385,0
227399,1
227457,0
227484,1
227515,1
227637,1
227671,1
227702,0
227705,1
227768,1
227908,0
227935,1
227974,0
227988,1
228011,1
228032,1
228091,0
228133,1
228187,1
228256,1
228271,1
228369,0
228386,1
228423,1
228462,0
228475,1
228601,1
