featname,filename,feattype
item_id,identity.parquet,categorical
dept_id,identity.parquet,categorical
cat_id,identity.parquet,categorical
store_id,identity.parquet,categorical
demand,identity.parquet,numeric
part,identity.parquet,numeric
sell_price,identity.parquet,numeric
year,basic_time.parquet,numeric
month,basic_time.parquet,numeric
week,basic_time.parquet,numeric
day,basic_time.parquet,numeric
dayofweek,basic_time.parquet,numeric
rolling_mean_7,rolling.parquet,numeric
rolling_std_7,rolling.parquet,numeric
rolling_mean_14,rolling.parquet,numeric
rolling_std_14,rolling.parquet,numeric
rolling_mean_30,rolling.parquet,numeric
rolling_std_30,rolling.parquet,numeric
rolling_mean_60,rolling.parquet,numeric
rolling_std_60,rolling.parquet,numeric
rolling_mean_180,rolling.parquet,numeric
rolling_std_180,rolling.parquet,numeric
rolling_mean_tmp_1_7,rolling.parquet,numeric
rolling_mean_tmp_1_14,rolling.parquet,numeric
rolling_mean_tmp_1_30,rolling.parquet,numeric
rolling_mean_tmp_1_60,rolling.parquet,numeric
rolling_mean_tmp_7_7,rolling.parquet,numeric
rolling_mean_tmp_7_14,rolling.parquet,numeric
rolling_mean_tmp_7_30,rolling.parquet,numeric
rolling_mean_tmp_7_60,rolling.parquet,numeric
rolling_mean_tmp_14_7,rolling.parquet,numeric
rolling_mean_tmp_14_14,rolling.parquet,numeric
rolling_mean_tmp_14_30,rolling.parquet,numeric
rolling_mean_tmp_14_60,rolling.parquet,numeric
lag_28,lag.parquet,numeric
lag_29,lag.parquet,numeric
lag_30,lag.parquet,numeric
lag_31,lag.parquet,numeric
lag_32,lag.parquet,numeric
lag_33,lag.parquet,numeric
lag_34,lag.parquet,numeric
lag_35,lag.parquet,numeric
lag_36,lag.parquet,numeric
lag_37,lag.parquet,numeric
lag_38,lag.parquet,numeric
lag_39,lag.parquet,numeric
lag_40,lag.parquet,numeric
lag_41,lag.parquet,numeric
lag_42,lag.parquet,numeric
val__abs_energy,tsfresh.parquet,numeric
val__absolute_sum_of_changes,tsfresh.parquet,numeric
val__agg_autocorrelation__f_agg_mean__maxlag_40,tsfresh.parquet,numeric
val__agg_autocorrelation__f_agg_median__maxlag_40,tsfresh.parquet,numeric
val__agg_autocorrelation__f_agg_var__maxlag_40,tsfresh.parquet,numeric
val__approximate_entropy__m_2__r_0.1,tsfresh.parquet,numeric
val__approximate_entropy__m_2__r_0.3,tsfresh.parquet,numeric
val__approximate_entropy__m_2__r_0.5,tsfresh.parquet,numeric
val__approximate_entropy__m_2__r_0.7,tsfresh.parquet,numeric
val__approximate_entropy__m_2__r_0.9,tsfresh.parquet,numeric
val__ar_coefficient__coeff_10__k_10,tsfresh.parquet,numeric
val__binned_entropy__max_bins_10,tsfresh.parquet,numeric
val__c3__lag_1,tsfresh.parquet,numeric
val__c3__lag_2,tsfresh.parquet,numeric
val__c3__lag_3,tsfresh.parquet,numeric
val__change_quantiles__f_agg_mean__isabs_False__qh_0.2__ql_0.0,tsfresh.parquet,numeric
val__change_quantiles__f_agg_mean__isabs_False__qh_0.4__ql_0.0,tsfresh.parquet,numeric
val__change_quantiles__f_agg_mean__isabs_False__qh_0.4__ql_0.2,tsfresh.parquet,numeric
val__change_quantiles__f_agg_mean__isabs_False__qh_0.6__ql_0.0,tsfresh.parquet,numeric
val__change_quantiles__f_agg_mean__isabs_False__qh_0.6__ql_0.2,tsfresh.parquet,numeric
val__change_quantiles__f_agg_mean__isabs_False__qh_0.6__ql_0.4,tsfresh.parquet,numeric
val__change_quantiles__f_agg_mean__isabs_False__qh_0.8__ql_0.0,tsfresh.parquet,numeric
val__change_quantiles__f_agg_mean__isabs_False__qh_0.8__ql_0.2,tsfresh.parquet,numeric
val__change_quantiles__f_agg_mean__isabs_False__qh_0.8__ql_0.4,tsfresh.parquet,numeric
val__change_quantiles__f_agg_mean__isabs_False__qh_0.8__ql_0.6,tsfresh.parquet,numeric
val__change_quantiles__f_agg_mean__isabs_False__qh_1.0__ql_0.0,tsfresh.parquet,numeric
val__change_quantiles__f_agg_mean__isabs_False__qh_1.0__ql_0.2,tsfresh.parquet,numeric
val__change_quantiles__f_agg_mean__isabs_False__qh_1.0__ql_0.4,tsfresh.parquet,numeric
val__change_quantiles__f_agg_mean__isabs_False__qh_1.0__ql_0.6,tsfresh.parquet,numeric
val__change_quantiles__f_agg_mean__isabs_False__qh_1.0__ql_0.8,tsfresh.parquet,numeric
val__change_quantiles__f_agg_mean__isabs_True__qh_0.2__ql_0.0,tsfresh.parquet,numeric
val__change_quantiles__f_agg_mean__isabs_True__qh_0.4__ql_0.0,tsfresh.parquet,numeric
val__change_quantiles__f_agg_mean__isabs_True__qh_0.4__ql_0.2,tsfresh.parquet,numeric
val__change_quantiles__f_agg_mean__isabs_True__qh_0.6__ql_0.0,tsfresh.parquet,numeric
val__change_quantiles__f_agg_mean__isabs_True__qh_0.6__ql_0.2,tsfresh.parquet,numeric
val__change_quantiles__f_agg_mean__isabs_True__qh_0.6__ql_0.4,tsfresh.parquet,numeric
val__change_quantiles__f_agg_mean__isabs_True__qh_0.8__ql_0.0,tsfresh.parquet,numeric
val__change_quantiles__f_agg_mean__isabs_True__qh_0.8__ql_0.2,tsfresh.parquet,numeric
val__change_quantiles__f_agg_mean__isabs_True__qh_0.8__ql_0.4,tsfresh.parquet,numeric
val__change_quantiles__f_agg_mean__isabs_True__qh_0.8__ql_0.6,tsfresh.parquet,numeric
val__change_quantiles__f_agg_mean__isabs_True__qh_1.0__ql_0.0,tsfresh.parquet,numeric
val__change_quantiles__f_agg_mean__isabs_True__qh_1.0__ql_0.2,tsfresh.parquet,numeric
val__change_quantiles__f_agg_mean__isabs_True__qh_1.0__ql_0.4,tsfresh.parquet,numeric
val__change_quantiles__f_agg_mean__isabs_True__qh_1.0__ql_0.6,tsfresh.parquet,numeric
val__change_quantiles__f_agg_mean__isabs_True__qh_1.0__ql_0.8,tsfresh.parquet,numeric
val__change_quantiles__f_agg_var__isabs_False__qh_0.2__ql_0.0,tsfresh.parquet,numeric
val__change_quantiles__f_agg_var__isabs_False__qh_0.4__ql_0.0,tsfresh.parquet,numeric
val__change_quantiles__f_agg_var__isabs_False__qh_0.4__ql_0.2,tsfresh.parquet,numeric
val__change_quantiles__f_agg_var__isabs_False__qh_0.6__ql_0.0,tsfresh.parquet,numeric
val__change_quantiles__f_agg_var__isabs_False__qh_0.6__ql_0.2,tsfresh.parquet,numeric
val__change_quantiles__f_agg_var__isabs_False__qh_0.6__ql_0.4,tsfresh.parquet,numeric
val__change_quantiles__f_agg_var__isabs_False__qh_0.8__ql_0.0,tsfresh.parquet,numeric
val__change_quantiles__f_agg_var__isabs_False__qh_0.8__ql_0.2,tsfresh.parquet,numeric
val__change_quantiles__f_agg_var__isabs_False__qh_0.8__ql_0.4,tsfresh.parquet,numeric
val__change_quantiles__f_agg_var__isabs_False__qh_0.8__ql_0.6,tsfresh.parquet,numeric
val__change_quantiles__f_agg_var__isabs_False__qh_1.0__ql_0.0,tsfresh.parquet,numeric
val__change_quantiles__f_agg_var__isabs_False__qh_1.0__ql_0.2,tsfresh.parquet,numeric
val__change_quantiles__f_agg_var__isabs_False__qh_1.0__ql_0.4,tsfresh.parquet,numeric
val__change_quantiles__f_agg_var__isabs_False__qh_1.0__ql_0.6,tsfresh.parquet,numeric
val__change_quantiles__f_agg_var__isabs_False__qh_1.0__ql_0.8,tsfresh.parquet,numeric
val__change_quantiles__f_agg_var__isabs_True__qh_0.2__ql_0.0,tsfresh.parquet,numeric
val__change_quantiles__f_agg_var__isabs_True__qh_0.4__ql_0.0,tsfresh.parquet,numeric
val__change_quantiles__f_agg_var__isabs_True__qh_0.4__ql_0.2,tsfresh.parquet,numeric
val__change_quantiles__f_agg_var__isabs_True__qh_0.6__ql_0.0,tsfresh.parquet,numeric
val__change_quantiles__f_agg_var__isabs_True__qh_0.6__ql_0.2,tsfresh.parquet,numeric
val__change_quantiles__f_agg_var__isabs_True__qh_0.6__ql_0.4,tsfresh.parquet,numeric
val__change_quantiles__f_agg_var__isabs_True__qh_0.8__ql_0.0,tsfresh.parquet,numeric
val__change_quantiles__f_agg_var__isabs_True__qh_0.8__ql_0.2,tsfresh.parquet,numeric
val__change_quantiles__f_agg_var__isabs_True__qh_0.8__ql_0.4,tsfresh.parquet,numeric
val__change_quantiles__f_agg_var__isabs_True__qh_0.8__ql_0.6,tsfresh.parquet,numeric
val__change_quantiles__f_agg_var__isabs_True__qh_1.0__ql_0.0,tsfresh.parquet,numeric
val__change_quantiles__f_agg_var__isabs_True__qh_1.0__ql_0.2,tsfresh.parquet,numeric
val__change_quantiles__f_agg_var__isabs_True__qh_1.0__ql_0.4,tsfresh.parquet,numeric
val__change_quantiles__f_agg_var__isabs_True__qh_1.0__ql_0.6,tsfresh.parquet,numeric
val__change_quantiles__f_agg_var__isabs_True__qh_1.0__ql_0.8,tsfresh.parquet,numeric
val__cid_ce__normalize_False,tsfresh.parquet,numeric
val__cid_ce__normalize_True,tsfresh.parquet,numeric
val__count_above__t_0,tsfresh.parquet,numeric
val__count_above_mean,tsfresh.parquet,numeric
val__count_below__t_0,tsfresh.parquet,numeric
val__count_below_mean,tsfresh.parquet,numeric
val__cwt_coefficients__coeff_0__w_10__widths_(2 5 10 20),tsfresh.parquet,numeric
val__cwt_coefficients__coeff_0__w_20__widths_(2 5 10 20),tsfresh.parquet,numeric
val__cwt_coefficients__coeff_0__w_2__widths_(2 5 10 20),tsfresh.parquet,numeric
val__cwt_coefficients__coeff_0__w_5__widths_(2 5 10 20),tsfresh.parquet,numeric
val__energy_ratio_by_chunks__num_segments_10__segment_focus_0,tsfresh.parquet,numeric
val__energy_ratio_by_chunks__num_segments_10__segment_focus_1,tsfresh.parquet,numeric
val__energy_ratio_by_chunks__num_segments_10__segment_focus_2,tsfresh.parquet,numeric
val__energy_ratio_by_chunks__num_segments_10__segment_focus_3,tsfresh.parquet,numeric
val__energy_ratio_by_chunks__num_segments_10__segment_focus_4,tsfresh.parquet,numeric
val__energy_ratio_by_chunks__num_segments_10__segment_focus_5,tsfresh.parquet,numeric
val__energy_ratio_by_chunks__num_segments_10__segment_focus_6,tsfresh.parquet,numeric
val__energy_ratio_by_chunks__num_segments_10__segment_focus_7,tsfresh.parquet,numeric
val__energy_ratio_by_chunks__num_segments_10__segment_focus_8,tsfresh.parquet,numeric
val__energy_ratio_by_chunks__num_segments_10__segment_focus_9,tsfresh.parquet,numeric
val__fft_aggregated__aggtype_centroid,tsfresh.parquet,numeric
val__fft_aggregated__aggtype_variance,tsfresh.parquet,numeric
val__fft_coefficient__attr_abs__coeff_0,tsfresh.parquet,numeric
val__fft_coefficient__attr_angle__coeff_0,tsfresh.parquet,numeric
val__fft_coefficient__attr_imag__coeff_0,tsfresh.parquet,numeric
val__fft_coefficient__attr_real__coeff_0,tsfresh.parquet,numeric
val__first_location_of_maximum,tsfresh.parquet,numeric
val__first_location_of_minimum,tsfresh.parquet,numeric
val__has_duplicate,tsfresh.parquet,numeric
val__has_duplicate_max,tsfresh.parquet,numeric
val__has_duplicate_min,tsfresh.parquet,numeric
val__index_mass_quantile__q_0.1,tsfresh.parquet,numeric
val__index_mass_quantile__q_0.2,tsfresh.parquet,numeric
val__index_mass_quantile__q_0.3,tsfresh.parquet,numeric
val__index_mass_quantile__q_0.4,tsfresh.parquet,numeric
val__index_mass_quantile__q_0.6,tsfresh.parquet,numeric
val__index_mass_quantile__q_0.7,tsfresh.parquet,numeric
val__index_mass_quantile__q_0.8,tsfresh.parquet,numeric
val__index_mass_quantile__q_0.9,tsfresh.parquet,numeric
val__large_standard_deviation__r_0.05,tsfresh.parquet,numeric
val__large_standard_deviation__r_0.1,tsfresh.parquet,numeric
val__large_standard_deviation__r_0.15000000000000002,tsfresh.parquet,numeric
val__large_standard_deviation__r_0.2,tsfresh.parquet,numeric
val__large_standard_deviation__r_0.25,tsfresh.parquet,numeric
val__large_standard_deviation__r_0.30000000000000004,tsfresh.parquet,numeric
val__large_standard_deviation__r_0.35000000000000003,tsfresh.parquet,numeric
val__large_standard_deviation__r_0.4,tsfresh.parquet,numeric
val__large_standard_deviation__r_0.45,tsfresh.parquet,numeric
val__large_standard_deviation__r_0.5,tsfresh.parquet,numeric
val__large_standard_deviation__r_0.55,tsfresh.parquet,numeric
val__large_standard_deviation__r_0.6000000000000001,tsfresh.parquet,numeric
val__large_standard_deviation__r_0.65,tsfresh.parquet,numeric
val__large_standard_deviation__r_0.7000000000000001,tsfresh.parquet,numeric
val__large_standard_deviation__r_0.75,tsfresh.parquet,numeric
val__large_standard_deviation__r_0.8,tsfresh.parquet,numeric
val__large_standard_deviation__r_0.8500000000000001,tsfresh.parquet,numeric
val__large_standard_deviation__r_0.9,tsfresh.parquet,numeric
val__large_standard_deviation__r_0.9500000000000001,tsfresh.parquet,numeric
val__last_location_of_maximum,tsfresh.parquet,numeric
val__last_location_of_minimum,tsfresh.parquet,numeric
val__length,tsfresh.parquet,numeric
val__linear_trend__attr_rvalue,tsfresh.parquet,numeric
val__longest_strike_above_mean,tsfresh.parquet,numeric
val__longest_strike_below_mean,tsfresh.parquet,numeric
val__maximum,tsfresh.parquet,numeric
val__mean,tsfresh.parquet,numeric
val__median,tsfresh.parquet,numeric
val__minimum,tsfresh.parquet,numeric
val__number_crossing_m__m_-1,tsfresh.parquet,numeric
val__number_crossing_m__m_0,tsfresh.parquet,numeric
val__number_crossing_m__m_1,tsfresh.parquet,numeric
val__number_cwt_peaks__n_1,tsfresh.parquet,numeric
val__number_cwt_peaks__n_5,tsfresh.parquet,numeric
val__number_peaks__n_1,tsfresh.parquet,numeric
val__number_peaks__n_10,tsfresh.parquet,numeric
val__number_peaks__n_3,tsfresh.parquet,numeric
val__number_peaks__n_5,tsfresh.parquet,numeric
val__number_peaks__n_50,tsfresh.parquet,numeric
val__percentage_of_reoccurring_datapoints_to_all_datapoints,tsfresh.parquet,numeric
val__percentage_of_reoccurring_values_to_all_values,tsfresh.parquet,numeric
val__quantile__q_0.1,tsfresh.parquet,numeric
val__quantile__q_0.2,tsfresh.parquet,numeric
val__quantile__q_0.3,tsfresh.parquet,numeric
val__quantile__q_0.4,tsfresh.parquet,numeric
val__quantile__q_0.6,tsfresh.parquet,numeric
val__quantile__q_0.7,tsfresh.parquet,numeric
val__quantile__q_0.8,tsfresh.parquet,numeric
val__quantile__q_0.9,tsfresh.parquet,numeric
val__range_count__max_0__min_1000000000000.0,tsfresh.parquet,numeric
val__range_count__max_1000000000000.0__min_0,tsfresh.parquet,numeric
val__range_count__max_1__min_-1,tsfresh.parquet,numeric
val__ratio_beyond_r_sigma__r_0.5,tsfresh.parquet,numeric
val__ratio_beyond_r_sigma__r_1,tsfresh.parquet,numeric
val__ratio_beyond_r_sigma__r_1.5,tsfresh.parquet,numeric
val__ratio_beyond_r_sigma__r_10,tsfresh.parquet,numeric
val__ratio_beyond_r_sigma__r_2,tsfresh.parquet,numeric
val__ratio_beyond_r_sigma__r_2.5,tsfresh.parquet,numeric
val__ratio_beyond_r_sigma__r_3,tsfresh.parquet,numeric
val__ratio_beyond_r_sigma__r_5,tsfresh.parquet,numeric
val__ratio_beyond_r_sigma__r_6,tsfresh.parquet,numeric
val__ratio_beyond_r_sigma__r_7,tsfresh.parquet,numeric
val__ratio_value_number_to_time_series_length,tsfresh.parquet,numeric
val__standard_deviation,tsfresh.parquet,numeric
val__sum_of_reoccurring_data_points,tsfresh.parquet,numeric
val__sum_of_reoccurring_values,tsfresh.parquet,numeric
val__sum_values,tsfresh.parquet,numeric
val__symmetry_looking__r_0.0,tsfresh.parquet,numeric
val__symmetry_looking__r_0.05,tsfresh.parquet,numeric
val__symmetry_looking__r_0.1,tsfresh.parquet,numeric
val__symmetry_looking__r_0.15000000000000002,tsfresh.parquet,numeric
val__symmetry_looking__r_0.2,tsfresh.parquet,numeric
val__symmetry_looking__r_0.25,tsfresh.parquet,numeric
val__symmetry_looking__r_0.30000000000000004,tsfresh.parquet,numeric
val__symmetry_looking__r_0.35000000000000003,tsfresh.parquet,numeric
val__symmetry_looking__r_0.4,tsfresh.parquet,numeric
val__symmetry_looking__r_0.45,tsfresh.parquet,numeric
val__symmetry_looking__r_0.5,tsfresh.parquet,numeric
val__symmetry_looking__r_0.55,tsfresh.parquet,numeric
val__symmetry_looking__r_0.6000000000000001,tsfresh.parquet,numeric
val__symmetry_looking__r_0.65,tsfresh.parquet,numeric
val__symmetry_looking__r_0.7000000000000001,tsfresh.parquet,numeric
val__symmetry_looking__r_0.75,tsfresh.parquet,numeric
val__symmetry_looking__r_0.8,tsfresh.parquet,numeric
val__symmetry_looking__r_0.8500000000000001,tsfresh.parquet,numeric
val__symmetry_looking__r_0.9,tsfresh.parquet,numeric
val__symmetry_looking__r_0.9500000000000001,tsfresh.parquet,numeric
val__time_reversal_asymmetry_statistic__lag_1,tsfresh.parquet,numeric
val__time_reversal_asymmetry_statistic__lag_2,tsfresh.parquet,numeric
val__time_reversal_asymmetry_statistic__lag_3,tsfresh.parquet,numeric
val__value_count__value_-1,tsfresh.parquet,numeric
val__value_count__value_0,tsfresh.parquet,numeric
val__value_count__value_1,tsfresh.parquet,numeric
val__variance,tsfresh.parquet,numeric
val__variance_larger_than_standard_deviation,tsfresh.parquet,numeric
val__variation_coefficient,tsfresh.parquet,numeric
date,identity.parquet,numeric
wm_yr_wk,tsfresh.parquet,numeric
d,tsfresh.parquet,numeric
event_name_1,identity.parquet,numeric
event_type_1,identity.parquet,numeric
event_name_2,identity.parquet,numeric
event_type_2,identity.parquet,numeric
snap_CA,identity.parquet,numeric
snap_TX,identity.parquet,numeric
snap_WI,identity.parquet,numeric
state_id,identity.parquet,categorical
